examples	issue_type	split_form_sequences	token_form
"[{""source_id"": ""ped-gramm"", ""source_file"": ""data/ped-gramm.json"", ""uid"": ""ccb5ea37-b3ba-47a9-8d71-224f599ea7be"", ""text"": ""ajo liwatece etadi weiigi"", ""token_tag"": ""VB"", ""token_gloss"": ""está"", ""split_tags"": [""v"", ""Gnr"", ""Ncl""], ""split_forms"": [""et"", ""a"", ""di""]}, {""source_id"": ""ped-gramm"", ""source_file"": ""data/ped-gramm.json"", ""uid"": ""49347527-d19d-4689-bff1-ba3e497e7b1f"", ""text"": ""ajo niwatece etadi digoida"", ""token_tag"": ""VB"", ""token_gloss"": ""está"", ""split_tags"": [""v""], ""split_forms"": [""etadi""]}, {""source_id"": ""ped-gramm"", ""source_file"": ""data/ped-gramm.json"", ""uid"": ""b2e3ea43-0d68-46ee-9f33-938610cc8aec"", ""text"": ""niwatece etadi weiigi"", ""token_tag"": ""VB"", ""token_gloss"": ""está"", ""split_tags"": [""v"", ""Gnr"", ""Ncl""], ""split_forms"": [""et"", ""a"", ""di""]}]"	conflicting_split_form_sequences_for_form	"[""etadi"", ""et|a|di""]"	etadi
"[{""source_id"": ""ped-gramm"", ""source_file"": ""data/ped-gramm.json"", ""uid"": ""49347527-d19d-4689-bff1-ba3e497e7b1f"", ""text"": ""ajo niwatece etadi digoida"", ""token_tag"": ""D"", ""token_gloss"": ""nele (cidade/local)"", ""split_tags"": ["""", """", """"], ""split_forms"": [""digo"", ""i"", ""da""]}, {""source_id"": ""ped-gramm"", ""source_file"": ""data/ped-gramm.json"", ""uid"": ""a4ccc755-a644-4b04-ab1b-698e7acea4cc"", ""text"": ""iGeladi idei digoida"", ""token_tag"": ""D"", ""token_gloss"": ""lá"", ""split_tags"": [""Adv"", ""Gen"", ""Ncl""], ""split_forms"": [""digo"", ""i"", ""da""]}, {""source_id"": ""ped-gramm"", ""source_file"": ""data/ped-gramm.json"", ""uid"": ""10e550d6-df13-4527-8aee-aa23e3f2fcdd"", ""text"": ""iGeladi digoida weiigi ."", ""token_tag"": ""D"", ""token_gloss"": ""nele (cidade/local)"", ""split_tags"": [""""], ""split_forms"": [""digo i da""]}, {""source_id"": ""van-data"", ""source_file"": ""data/van-data.json"", ""uid"": ""a7e338a1-5403-40d4-b169-c840cf193aae"", ""text"": ""iGeladi digoida weiigi"", ""token_tag"": ""D"", ""token_gloss"": ""nele (cidade/local)"", ""split_tags"": ["""", ""Gnr"", ""Ncl""], ""split_forms"": [""digo"", ""i"", ""da""]}, {""source_id"": ""van-data"", ""source_file"": ""data/van-data.json"", ""uid"": ""0c7e64fb-f070-4faa-a12a-c110cdf4bf16"", ""text"": ""nGijo lodajo ajo lodowa aGica digoida liGeladi"", ""token_tag"": ""D"", ""token_gloss"": ""nele (cidade/local)"", ""split_tags"": ["""", ""Gnr"", ""Ncl""], ""split_forms"": [""digo"", ""i"", ""da""]}]"	conflicting_split_form_sequences_for_form	"[""digo i da"", ""digo|i|da""]"	digoida
"[{""source_id"": ""ped-gramm"", ""source_file"": ""data/ped-gramm.json"", ""uid"": ""e553e02e-0d33-4fed-8f6a-b7cf5c9cf9c9"", ""text"": ""liGeladi Maria aGipegetege"", ""token_tag"": ""N$"", ""token_gloss"": ""casa dela/dele"", ""split_tags"": [""Gen"", ""n""], ""split_forms"": [""l"", ""iGeladi""]}, {""source_id"": ""ped-gramm"", ""source_file"": ""data/ped-gramm.json"", ""uid"": ""79a6cd4e-b585-437a-9084-1fa077dec3b6"", ""text"": ""ica liGeladi ipegetege"", ""token_tag"": ""N$"", ""token_gloss"": ""sua casa"", ""split_tags"": [""Gen"", ""n""], ""split_forms"": [""l"", ""Geladi""]}, {""source_id"": ""ped-gramm"", ""source_file"": ""data/ped-gramm.json"", ""uid"": ""e9d6dfb6-656d-44aa-ba17-86289fd72268"", ""text"": ""liGeladi idei nigotaGa"", ""token_tag"": ""N$"", ""token_gloss"": ""casa dela/dele"", ""split_tags"": [""Gen"", ""n""], ""split_forms"": [""l"", ""Geladi""]}, {""source_id"": ""ped-gramm"", ""source_file"": ""data/ped-gramm.json"", ""uid"": ""2fff1f23-4e6f-401c-8b74-6a17ff6a391a"", ""text"": ""ica liGeladi ipegitegi"", ""token_tag"": ""N$"", ""token_gloss"": ""sua casa"", ""split_tags"": [""Gen"", ""n""], ""split_forms"": [""l"", ""iGeladi""]}, {""source_id"": ""ped-gramm"", ""source_file"": ""data/ped-gramm.json"", ""uid"": ""582429f2-67d5-4077-b209-6deb7b5df54f"", ""text"": ""ica lideGegi loligi idei liGeladi"", ""token_tag"": ""N$"", ""token_gloss"": ""casa"", ""split_tags"": [""Gen"", ""n""], ""split_forms"": [""l"", ""Geladi""]}, {""source_id"": ""ped-gramm"", ""source_file"": ""data/ped-gramm.json"", ""uid"": ""f081c545-c42b-463d-b57f-db87787f20e7"", ""text"": ""João liGeladi ane napioi"", ""token_tag"": ""N$"", ""token_gloss"": ""casa"", ""split_tags"": [""Gen"", ""n""], ""split_forms"": [""l"", ""Geladi""]}, {""source_id"": ""ped-gramm"", ""source_file"": ""data/ped-gramm.json"", ""uid"": ""50f93fbc-14fa-48e7-b8ba-22f744109348"", ""text"": ""iGeladi ipegitegi liGeladi"", ""token_tag"": ""N$"", ""token_gloss"": ""(tirar)"", ""split_tags"": [""Gen"", ""n""], ""split_forms"": [""l"", ""Geladi""]}, {""source_id"": ""ped-gramm"", ""source_file"": ""data/ped-gramm.json"", ""uid"": ""aad13f14-bd9a-462a-9a43-68ba69a81519"", ""text"": ""nigotaGa liGeladi ipegitegi weiigi ."", ""token_tag"": ""N$"", ""token_gloss"": ""casa dela"", ""split_tags"": [""Gen"", ""n""], ""split_forms"": [""l"", ""iGeladi""]}, {""source_id"": ""ped-gramm"", ""source_file"": ""data/ped-gramm.json"", ""uid"": ""c25b098d-6b0a-4416-a31d-6d7219685a63"", ""text"": ""João liGeladi napioi ."", ""token_tag"": ""N$"", ""token_gloss"": ""casa dele/dela"", ""split_tags"": [""Gen"", ""n""], ""split_forms"": [""l"", ""Geladi""]}, {""source_id"": ""ped-gramm"", ""source_file"": ""data/ped-gramm.json"", ""uid"": ""4e0112b1-baf1-4a7a-bf9e-88fabbe1edc5"", ""text"": ""liGeladi João napioi ."", ""token_tag"": ""N$"", ""token_gloss"": ""casa dele/dela"", ""split_tags"": [""Gen"", ""n""], ""split_forms"": [""l"", ""Geladi""]}, {""source_id"": ""ped-gramm"", ""source_file"": ""data/ped-gramm.json"", ""uid"": ""ef4d298a-643b-4c08-9bdd-f7c6b63ac9ec"", ""text"": ""liGeladi ipegitege niweiigi nigotaGa ."", ""token_tag"": ""N$"", ""token_gloss"": ""casa dele/dela"", ""split_tags"": [""Gen"", ""n""], ""split_forms"": [""l"", ""Geladi""]}, {""source_id"": ""ped-gramm"", ""source_file"": ""data/ped-gramm.json"", ""uid"": ""8b1a9983-4dfd-49e8-9285-92c56c84b652"", ""text"": ""liGeladi ipegitegi niweiigi nigotaGa ."", ""token_tag"": ""N$"", ""token_gloss"": ""casa dele/dela"", ""split_tags"": [""Gen"", ""n""], ""split_forms"": [""l"", ""Geladi""]}, {""source_id"": ""hil-data"", ""source_file"": ""data/hil-data.json"", ""uid"": ""55fe3cf7-0293-48e6-aa78-44822f50347e"", ""text"": ""liGeladi ipegitege nakidi nigotaGa"", ""token_tag"": ""N$"", ""token_gloss"": ""casa dele/dela"", ""split_tags"": [""Gen"", ""n""], ""split_forms"": [""l"", ""Geladi""]}, {""source_id"": ""hil-data"", ""source_file"": ""data/hil-data.json"", ""uid"": ""c0441856-b259-4d76-a88e-33a7e211b208"", ""text"": ""liGeladi ipegitege nakidi nigotaGa"", ""token_tag"": ""N$"", ""token_gloss"": ""casa dele/dela"", ""split_tags"": [""Gen"", ""n""], ""split_forms"": [""l"", ""Geladi""]}, {""source_id"": ""hil-data"", ""source_file"": ""data/hil-data.json"", ""uid"": ""9527d53d-7184-4b08-8bb2-51b7fff1429d"", ""text"": ""nigotaGa liGeladi ipegitege akiidi"", ""token_tag"": ""N$"", ""token_gloss"": ""casa dele/dela"", ""split_tags"": [""Gen"", ""n""], ""split_forms"": [""l"", ""Geladi""]}, {""source_id"": ""van-data"", ""source_file"": ""data/van-data.json"", ""uid"": ""0c7e64fb-f070-4faa-a12a-c110cdf4bf16"", ""text"": ""nGijo lodajo ajo lodowa aGica digoida liGeladi"", ""token_tag"": ""N$"", ""token_gloss"": ""sua casa"", ""split_tags"": [""Gen"", ""n""], ""split_forms"": [""l"", ""Geladi""]}, {""source_id"": ""van-data"", ""source_file"": ""data/van-data.json"", ""uid"": ""81048a6f-e084-4b0a-965a-f41fb5c53ff7"", ""text"": ""nigotaGa liGeladi ipegitegi weiigi"", ""token_tag"": ""N$"", ""token_gloss"": ""casa del(e|a)"", ""split_tags"": [""Gen"", ""n""], ""split_forms"": [""l"", ""Geladi""]}]"	conflicting_split_form_sequences_for_form	"[""l|Geladi"", ""l|iGeladi""]"	liGeladi
"[{""source_id"": ""ped-gramm"", ""source_file"": ""data/ped-gramm.json"", ""uid"": ""e553e02e-0d33-4fed-8f6a-b7cf5c9cf9c9"", ""text"": ""liGeladi Maria aGipegetege"", ""token_tag"": ""NEG"", ""token_gloss"": ""não fica perto dela"", ""split_tags"": [""Neg"", ""Erg"", ""v"", ""Apl""], ""split_forms"": [""aG"", ""i"", ""pege"", ""tege""]}, {""source_id"": ""ped-gramm"", ""source_file"": ""data/ped-gramm.json"", ""uid"": ""fef391af-9e63-419f-8f81-057459193f49"", ""text"": ""ica Maria looligi alidi"", ""token_tag"": ""NEG"", ""token_gloss"": ""não sua gostosura"", ""split_tags"": [""Neg"", ""Gen"", ""n""], ""split_forms"": [""aG"", ""l"", ""idi""]}, {""source_id"": ""ped-gramm"", ""source_file"": ""data/ped-gramm.json"", ""uid"": ""1da1bf7a-7975-4baf-821b-9df5c75ac297"", ""text"": ""iGeladi aGipegitegi weiigi"", ""token_tag"": ""NEG"", ""token_gloss"": ""não fica perto de"", ""split_tags"": [""Neg"", ""Erg"", ""v"", ""Apl""], ""split_forms"": [""aG"", ""i"", ""pegi"", ""tegi""]}, {""source_id"": ""ped-gramm"", ""source_file"": ""data/ped-gramm.json"", ""uid"": ""eeb42af3-fe5a-4b7d-97ea-b381ab589860"", ""text"": ""Niwatece iwaGadi codaa adakake loojedi ."", ""token_tag"": ""NEG"", ""token_gloss"": ""não (é|está) duro"", ""split_tags"": [""Neg"", ""Inv"", ""vu""], ""split_forms"": [""aG"", ""d"", ""akake""]}, {""source_id"": ""ped-gramm"", ""source_file"": ""data/ped-gramm.json"", ""uid"": ""3b45c470-6164-4fcf-a4d5-90be0f27eb1d"", ""text"": ""ee aGidininitibeci"", ""token_tag"": ""NEG"", ""token_gloss"": ""não estou feliz"", ""split_tags"": [""Neg"", ""Abs"", ""Inv"", ""v""], ""split_forms"": [""aG"", ""i"", ""di"", ""ninitebeci""]}, {""source_id"": ""ped-gramm"", ""source_file"": ""data/ped-gramm.json"", ""uid"": ""3f077b37-aa95-4012-9efb-a21630cdd6e9"", ""text"": ""aGee eliodi niinikeGegi"", ""token_tag"": ""NEG"", ""token_gloss"": ""não eu"", ""split_tags"": ["""", """"], ""split_forms"": [""aG"", ""ee""]}, {""source_id"": ""hil-data"", ""source_file"": ""data/hil-data.json"", ""uid"": ""3a27c7c6-ecd6-45c0-a71e-b4aa2a242a3d"", ""text"": ""NiGida lodajo lodawa aidei dineigi"", ""token_tag"": ""NEG"", ""token_gloss"": ""não fica"", ""split_tags"": [""Neg"", ""v""], ""split_forms"": [""aG"", ""idei""]}, {""source_id"": ""hil-data"", ""source_file"": ""data/hil-data.json"", ""uid"": ""83fdcd4c-338f-4a9f-8545-da8539e67e9d"", ""text"": ""Nigidiwa noGojedi lixagotaGaGa adakake lojedi"", ""token_tag"": ""NEG"", ""token_gloss"": ""não duro"", ""split_tags"": ["""", ""v""], ""split_forms"": [""aG"", ""akake""]}, {""source_id"": ""hil-data"", ""source_file"": ""data/hil-data.json"", ""uid"": ""4242d34b-9096-45a2-a666-502a2cb9ca49"", ""text"": ""Ee aidinitibeci ."", ""token_tag"": ""NEG"", ""token_gloss"": null, ""split_tags"": ["""", """"], ""split_forms"": [""aG"", ""idinitibeci""]}, {""source_id"": ""hil-data"", ""source_file"": ""data/hil-data.json"", ""uid"": ""1e9df213-90da-4674-8889-4ac858df72fe"", ""text"": ""Ee ageliodi me idinitibeci"", ""token_tag"": ""NEG"", ""token_gloss"": null, ""split_tags"": ["""", """"], ""split_forms"": [""aG"", ""eliodi""]}, {""source_id"": ""hil-data"", ""source_file"": ""data/hil-data.json"", ""uid"": ""c4302bef-3de9-4f3c-b762-f6b77183f263"", ""text"": ""Ee ajipegitege"", ""token_tag"": ""NEG"", ""token_gloss"": null, ""split_tags"": ["""", """", """", """"], ""split_forms"": [""aG"", ""ji"", ""pegi"", ""tege""]}, {""source_id"": ""hil-data"", ""source_file"": ""data/hil-data.json"", ""uid"": ""5bc48b27-0755-475f-813e-7a259f3c3c9e"", ""text"": ""Ee ajipegitege"", ""token_tag"": ""NEG"", ""token_gloss"": null, ""split_tags"": ["""", """", """", """"], ""split_forms"": [""aG"", ""ji"", ""pegi"", ""tege""]}, {""source_id"": ""hil-data"", ""source_file"": ""data/hil-data.json"", ""uid"": ""90ca38d8-e063-4c98-af51-4b9022ade506"", ""text"": ""aGeliodi me idinitibeci ."", ""token_tag"": ""NEG"", ""token_gloss"": null, ""split_tags"": ["""", """"], ""split_forms"": [""aG"", ""eliodi""]}, {""source_id"": ""hil-data"", ""source_file"": ""data/hil-data.json"", ""uid"": ""341bf09a-2ef8-455a-8b6b-88373c617dae"", ""text"": ""oko aidejonaGa midi Godoigi"", ""token_tag"": ""NEG"", ""token_gloss"": ""não ficamos"", ""split_tags"": [""Neg"", ""Abs"", ""Inv"", ""v"", ""Plu""], ""split_forms"": [""aG"", ""i"", ""d"", ""ejona"", ""Ga""]}, {""source_id"": ""hil-data"", ""source_file"": ""data/hil-data.json"", ""uid"": ""dff00f05-7be1-4d62-b3ed-b8a8870851e9"", ""text"": ""aidejonaGa midi Godoigi"", ""token_tag"": ""NEG"", ""token_gloss"": ""não ficamos"", ""split_tags"": [""Neg"", ""Abs"", ""Inv"", ""v"", ""Plu""], ""split_forms"": [""aG"", ""i"", ""d"", ""ejona"", ""Ga""]}, {""source_id"": ""van-data"", ""source_file"": ""data/van-data.json"", ""uid"": ""0c7e64fb-f070-4faa-a12a-c110cdf4bf16"", ""text"": ""nGijo lodajo ajo lodowa aGica digoida liGeladi"", ""token_tag"": ""NEG"", ""token_gloss"": null, ""split_tags"": ["""", """", """"], ""split_forms"": [""aG"", ""i"", ""ca""]}, {""source_id"": ""van-data"", ""source_file"": ""data/van-data.json"", ""uid"": ""fad6e8d3-1e9f-451c-aaa7-fd28aecfd967"", ""text"": ""idiwa noGojedi lixagotaGaGa adakake loojedi"", ""token_tag"": ""NEG"", ""token_gloss"": ""não (é|está) duro"", ""split_tags"": [""Neg"", ""Inv"", ""vu""], ""split_forms"": [""aG"", ""d"", ""akake""]}, {""source_id"": ""van-data"", ""source_file"": ""data/van-data.json"", ""uid"": ""c4d99cf1-e781-4efb-83ff-4a0ab873b7ec"", ""text"": ""ee aGidininitibeci"", ""token_tag"": ""NEG"", ""token_gloss"": ""não estou feliz"", ""split_tags"": ["""", """", """", """", ""Dir""], ""split_forms"": [""aG"", ""i"", ""d"", ""nini"", ""tibeci""]}, {""source_id"": ""van-data"", ""source_file"": ""data/van-data.json"", ""uid"": ""969ba2f3-88dc-417e-ad3f-16ce88b4c762"", ""text"": ""aGee eliodi niinikeGegi"", ""token_tag"": ""NEG"", ""token_gloss"": ""não eu"", ""split_tags"": ["""", """"], ""split_forms"": [""aG"", ""ee""]}, {""source_id"": ""van-data"", ""source_file"": ""data/van-data.json"", ""uid"": ""39925f76-d73f-423f-95cd-f88bd78f2a6e"", ""text"": ""ee eliodi me aGidininitibeci"", ""token_tag"": ""NEG"", ""token_gloss"": ""não estou feliz"", ""split_tags"": [""Neg"", ""Inv"", ""v"", ""Dir""], ""split_forms"": [""aG"", ""d"", ""inini"", ""tibeci""]}, {""source_id"": ""van-data"", ""source_file"": ""data/van-data.json"", ""uid"": ""42df6a83-6ae1-49b2-bd99-fbed7e2a083b"", ""text"": ""aGeewi mica iniKGigi"", ""token_tag"": ""NEG"", ""token_gloss"": null, ""split_tags"": [""Neg"", ""Pro"", ""a""], ""split_forms"": [""aG"", ""ee"", ""ewi""]}, {""source_id"": ""van-data"", ""source_file"": ""data/van-data.json"", ""uid"": ""27d94732-46ea-4286-a1d4-b2861806a579"", ""text"": ""aGeyo mica inikGigi"", ""token_tag"": ""NEG"", ""token_gloss"": null, ""split_tags"": ["""", """"], ""split_forms"": [""aG"", ""eyo""]}, {""source_id"": ""van-data"", ""source_file"": ""data/van-data.json"", ""uid"": ""d3952c8a-1ac1-4255-be0b-63978fdf368b"", ""text"": ""aGidedonaGa midi Godoigi"", ""token_tag"": ""NEG"", ""token_gloss"": null, ""split_tags"": [""Neg"", ""Abs"", ""Inv"", ""v"", ""Plu""], ""split_forms"": [""aG"", ""i"", ""d"", ""edona"", ""Ga""]}, {""source_id"": ""van-data"", ""source_file"": ""data/van-data.json"", ""uid"": ""fbae0277-3aad-4812-9229-94179b5a97a0"", ""text"": ""aGide jonaGa midi Godoigi"", ""token_tag"": ""NEG"", ""token_gloss"": null, ""split_tags"": ["""", """"], ""split_forms"": [""aG"", ""ije""]}]"	conflicting_split_form_sequences_for_form	"[""aG|akake"", ""aG|d|akake"", ""aG|d|inini|tibeci"", ""aG|ee"", ""aG|ee|ewi"", ""aG|eliodi"", ""aG|eyo"", ""aG|idei"", ""aG|idinitibeci"", ""aG|ije"", ""aG|i|ca"", ""aG|i|di|ninitebeci"", ""aG|i|d|edona|Ga"", ""aG|i|d|ejona|Ga"", ""aG|i|d|nini|tibeci"", ""aG|i|pege|tege"", ""aG|i|pegi|tegi"", ""aG|ji|pegi|tege"", ""aG|l|idi""]"	aG@
"[{""source_id"": ""ped-gramm"", ""source_file"": ""data/ped-gramm.json"", ""uid"": ""e9d6dfb6-656d-44aa-ba17-86289fd72268"", ""text"": ""liGeladi idei nigotaGa"", ""token_tag"": ""N"", ""token_gloss"": ""cidade"", ""split_tags"": [""Ant"", ""cidade""], ""split_forms"": [""n"", ""gotaGa""]}, {""source_id"": ""ped-gramm"", ""source_file"": ""data/ped-gramm.json"", ""uid"": ""aad13f14-bd9a-462a-9a43-68ba69a81519"", ""text"": ""nigotaGa liGeladi ipegitegi weiigi ."", ""token_tag"": ""N"", ""token_gloss"": ""cidade"", ""split_tags"": [], ""split_forms"": []}, {""source_id"": ""ped-gramm"", ""source_file"": ""data/ped-gramm.json"", ""uid"": ""ef4d298a-643b-4c08-9bdd-f7c6b63ac9ec"", ""text"": ""liGeladi ipegitege niweiigi nigotaGa ."", ""token_tag"": ""N$"", ""token_gloss"": ""cidade"", ""split_tags"": [""""], ""split_forms"": [""""]}, {""source_id"": ""ped-gramm"", ""source_file"": ""data/ped-gramm.json"", ""uid"": ""8b1a9983-4dfd-49e8-9285-92c56c84b652"", ""text"": ""liGeladi ipegitegi niweiigi nigotaGa ."", ""token_tag"": ""N"", ""token_gloss"": ""cidade"", ""split_tags"": [""""], ""split_forms"": [""""]}, {""source_id"": ""hil-data"", ""source_file"": ""data/hil-data.json"", ""uid"": ""3a7e213b-323e-4694-bad9-47091f3533f5"", ""text"": ""Te ee nigotaGa"", ""token_tag"": ""N"", ""token_gloss"": ""cidade"", ""split_tags"": [""""], ""split_forms"": [""""]}, {""source_id"": ""hil-data"", ""source_file"": ""data/hil-data.json"", ""uid"": ""55fe3cf7-0293-48e6-aa78-44822f50347e"", ""text"": ""liGeladi ipegitege nakidi nigotaGa"", ""token_tag"": ""N"", ""token_gloss"": ""cidade"", ""split_tags"": [""""], ""split_forms"": [""""]}, {""source_id"": ""hil-data"", ""source_file"": ""data/hil-data.json"", ""uid"": ""c0441856-b259-4d76-a88e-33a7e211b208"", ""text"": ""liGeladi ipegitege nakidi nigotaGa"", ""token_tag"": ""N"", ""token_gloss"": ""cidade"", ""split_tags"": [""""], ""split_forms"": [""""]}, {""source_id"": ""hil-data"", ""source_file"": ""data/hil-data.json"", ""uid"": ""9527d53d-7184-4b08-8bb2-51b7fff1429d"", ""text"": ""nigotaGa liGeladi ipegitege akiidi"", ""token_tag"": ""N"", ""token_gloss"": ""cidade"", ""split_tags"": [""""], ""split_forms"": [""""]}, {""source_id"": ""van-data"", ""source_file"": ""data/van-data.json"", ""uid"": ""86f5c128-e931-4443-90cc-2359748ed69f"", ""text"": ""Eyo nigotaGa"", ""token_tag"": ""N"", ""token_gloss"": ""cidade"", ""split_tags"": [], ""split_forms"": []}, {""source_id"": ""van-data"", ""source_file"": ""data/van-data.json"", ""uid"": ""d021bede-064b-4fd5-bb33-6c7cd4279c1b"", ""text"": ""Eyo manitaGa nigotaGa"", ""token_tag"": ""N"", ""token_gloss"": ""cidade"", ""split_tags"": [], ""split_forms"": []}, {""source_id"": ""van-data"", ""source_file"": ""data/van-data.json"", ""uid"": ""c1b350df-ed1a-4e3b-89a8-a6fa9ca8382e"", ""text"": ""ligeladi ipegitege niweiigi nigotaGa"", ""token_tag"": ""N$"", ""token_gloss"": ""cidade"", ""split_tags"": [""Ant"", ""n"", ""Sgv""], ""split_forms"": [""n"", ""gota"", ""Ga""]}, {""source_id"": ""van-data"", ""source_file"": ""data/van-data.json"", ""uid"": ""ebff5ffa-8a9d-4f8b-9960-38f70b344c19"", ""text"": ""ligeladi ipegitegi niweiigi nigotaGa"", ""token_tag"": ""N$"", ""token_gloss"": ""cidade"", ""split_tags"": [""Ant"", ""n"", ""Sgv""], ""split_forms"": [""n"", ""gota"", ""Ga""]}, {""source_id"": ""van-data"", ""source_file"": ""data/van-data.json"", ""uid"": ""81048a6f-e084-4b0a-965a-f41fb5c53ff7"", ""text"": ""nigotaGa liGeladi ipegitegi weiigi"", ""token_tag"": ""N$"", ""token_gloss"": ""cidade"", ""split_tags"": [""Ant"", ""n"", ""Sgv""], ""split_forms"": [""n"", ""gota"", ""Ga""]}]"	conflicting_split_form_sequences_for_form	"[""n|gotaGa"", ""n|gota|Ga""]"	nigotaGa
"[{""source_id"": ""ped-gramm"", ""source_file"": ""data/ped-gramm.json"", ""uid"": ""68277d1f-c30b-4c4f-ba9e-c2883cc133af"", ""text"": ""ica looligi dapico"", ""token_tag"": ""VB"", ""token_gloss"": ""é quente"", ""split_tags"": [""Inv"", ""v""], ""split_forms"": [""d"", ""apicoGo""]}, {""source_id"": ""ped-gramm"", ""source_file"": ""data/ped-gramm.json"", ""uid"": ""5bebca84-3ecb-44c1-bf70-7eef6f5c0ff5"", ""text"": ""ica looligi ja dapico"", ""token_tag"": ""VB"", ""token_gloss"": ""é quente"", ""split_tags"": [""Inv"", ""v""], ""split_forms"": [""d"", ""apicoGo""]}, {""source_id"": ""van-data"", ""source_file"": ""data/van-data.json"", ""uid"": ""b8878027-73d2-4b11-bc18-cbdcf5637e55"", ""text"": ""biju dapico"", ""token_tag"": ""VB"", ""token_gloss"": ""é quente"", ""split_tags"": [""Inv"", ""v""], ""split_forms"": [""d"", ""apico""]}, {""source_id"": ""van-data"", ""source_file"": ""data/van-data.json"", ""uid"": ""444f95ae-8ed7-422e-84f1-aae6d4af2b6d"", ""text"": ""idiwa bejoli dapico"", ""token_tag"": ""VB"", ""token_gloss"": ""é quente"", ""split_tags"": [""Inv"", ""v""], ""split_forms"": [""d"", ""apico""]}]"	conflicting_split_form_sequences_for_form	"[""d|apico"", ""d|apicoGo""]"	dapico
"[{""source_id"": ""ped-gramm"", ""source_file"": ""data/ped-gramm.json"", ""uid"": ""c5bd2cb2-e53b-40e4-9159-6dacde49c1b6"", ""text"": ""ica looligi lideGegi"", ""token_tag"": ""N$"", ""token_gloss"": ""gostosura del(e|a)"", ""split_tags"": [""Gen"", ""v"", ""Der"", ""Gnr""], ""split_forms"": [""l"", ""ide"", ""Ge"", ""gi""]}, {""source_id"": ""ped-gramm"", ""source_file"": ""data/ped-gramm.json"", ""uid"": ""582429f2-67d5-4077-b209-6deb7b5df54f"", ""text"": ""ica lideGegi loligi idei liGeladi"", ""token_tag"": ""N$"", ""token_gloss"": ""sua delícia"", ""split_tags"": [""Gen"", ""n"", ""Der"", ""Gnr""], ""split_forms"": [""l"", ""idi"", ""Ge"", ""gi""]}]"	conflicting_split_form_sequences_for_form	"[""l|ide|Ge|gi"", ""l|idi|Ge|gi""]"	lideGegi
"[{""source_id"": ""ped-gramm"", ""source_file"": ""data/ped-gramm.json"", ""uid"": ""19cc39ce-fe03-4551-8097-9d163a38a3c0"", ""text"": ""loigipodi libinienigipi"", ""token_tag"": ""N$"", ""token_gloss"": ""sua beleza"", ""split_tags"": [""Gnr"", ""n"", ""Plu""], ""split_forms"": [""l"", ""binienigi"", ""pi""]}, {""source_id"": ""hil-data"", ""source_file"": ""data/hil-data.json"", ""uid"": ""baccc279-f303-4b4f-a6d7-4404de699f4a"", ""text"": ""Iwaalepodi libinienigipi ."", ""token_tag"": ""N$"", ""token_gloss"": ""belezas del(e|a)"", ""split_tags"": [""Gen"", ""n"", ""Dim"", ""Gnr"", ""Plu""], ""split_forms"": [""l"", ""binie"", ""na"", ""gi"", ""pi""]}, {""source_id"": ""hil-data"", ""source_file"": ""data/hil-data.json"", ""uid"": ""d0cb9423-93bb-4b45-a02a-fee23a6dd8bb"", ""text"": ""Nigijoa lianaGa Maria libinienigipi"", ""token_tag"": ""N$"", ""token_gloss"": ""suas belezas"", ""split_tags"": [""Gen"", ""n"", ""Dim"", ""Gnr"", ""Plu""], ""split_forms"": [""l"", ""binie"", ""na"", ""gi"", ""pi""]}, {""source_id"": ""van-data"", ""source_file"": ""data/van-data.json"", ""uid"": ""9b107abc-b49f-4ce2-9c43-30c7e5b5f8b2"", ""text"": ""iwalepodi ja libinienigipi"", ""token_tag"": ""N$"", ""token_gloss"": ""suas belezas"", ""split_tags"": [""Gen"", ""n"", ""Dim"", ""Gnr"", ""Plu""], ""split_forms"": [""l"", ""binie"", ""na"", ""gi"", ""pi""]}, {""source_id"": ""van-data"", ""source_file"": ""data/van-data.json"", ""uid"": ""075356e6-f89c-4d83-b001-435d13b319dc"", ""text"": ""ijowa nigetedi niwigo libinienigipi"", ""token_tag"": ""N$"", ""token_gloss"": ""suas belezas"", ""split_tags"": [""Gen"", ""n"", ""Dim"", ""Gnr"", ""Plu""], ""split_forms"": [""l"", ""binie"", ""na"", ""gi"", ""pi""]}, {""source_id"": ""van-data"", ""source_file"": ""data/van-data.json"", ""uid"": ""f240dcfe-ca05-42aa-8644-07b9e3464e1a"", ""text"": ""idiwa leonigipi Maria libinienigipi"", ""token_tag"": ""N$"", ""token_gloss"": ""suas belezas"", ""split_tags"": [""Gen"", ""n"", ""Dim"", ""Gnr"", ""Plu""], ""split_forms"": [""l"", ""binie"", ""na"", ""gi"", ""pi""]}]"	conflicting_split_form_sequences_for_form	"[""l|binienigi|pi"", ""l|binie|na|gi|pi""]"	libinienigipi
"[{""source_id"": ""ped-gramm"", ""source_file"": ""data/ped-gramm.json"", ""uid"": ""0f478381-6858-463d-94cc-903e9dc879f9"", ""text"": ""ica liwigo libinienigi"", ""token_tag"": ""N$"", ""token_gloss"": ""bonito"", ""split_tags"": [""Gen"", ""n"", ""Dim""], ""split_forms"": [""l"", ""ibinie"", ""nigi""]}, {""source_id"": ""ped-gramm"", ""source_file"": ""data/ped-gramm.json"", ""uid"": ""55551636-8ed3-4545-8510-d8dbfd817a1a"", ""text"": ""ica niwigo libinienigi"", ""token_tag"": ""N$"", ""token_gloss"": ""bonito"", ""split_tags"": [""Gen"", ""n"", ""Dim""], ""split_forms"": [""l"", ""ibinie"", ""nigi""]}, {""source_id"": ""ped-gramm"", ""source_file"": ""data/ped-gramm.json"", ""uid"": ""881131dd-3f70-411a-ac7e-85557139d1e3"", ""text"": ""ica nioladi nioxoa libinienigi"", ""token_tag"": ""N$"", ""token_gloss"": ""bonito"", ""split_tags"": [""Gen"", ""n"", ""Dim""], ""split_forms"": [""l"", ""ibinie"", ""nigi""]}, {""source_id"": ""ped-gramm"", ""source_file"": ""data/ped-gramm.json"", ""uid"": ""95a7d135-4be0-463d-b443-76cc5828fc89"", ""text"": ""ica nioladi lodawa libinienigi"", ""token_tag"": ""N$"", ""token_gloss"": ""bonito"", ""split_tags"": [""Gen"", ""n"", ""Dim""], ""split_forms"": [""l"", ""ibinie"", ""nigi""]}, {""source_id"": ""hil-data"", ""source_file"": ""data/hil-data.json"", ""uid"": ""435e4b10-ab78-4ee3-84b0-7773dbe10bf7"", ""text"": ""Gawenigi eliodi me libinienigi"", ""token_tag"": ""N$"", ""token_gloss"": ""bonito"", ""split_tags"": [""Gen"", ""n"", ""Dim""], ""split_forms"": [""l"", ""ibinie"", ""nigi""]}, {""source_id"": ""hil-data"", ""source_file"": ""data/hil-data.json"", ""uid"": ""cf44903e-0c33-44bc-a146-1fb8a4ccb973"", ""text"": ""NiGijo liwenigi libinienigi"", ""token_tag"": ""N$"", ""token_gloss"": ""bonito"", ""split_tags"": [""Gen"", ""n"", ""Dim""], ""split_forms"": [""l"", ""ibinie"", ""nigi""]}, {""source_id"": ""hil-data"", ""source_file"": ""data/hil-data.json"", ""uid"": ""0b9bddcd-f6af-4281-80a9-cac2377d0af1"", ""text"": ""libinienigi"", ""token_tag"": ""N$"", ""token_gloss"": ""beleza"", ""split_tags"": [""Gen"", ""n"", ""Dim"", ""Gnr""], ""split_forms"": [""l"", ""binie"", ""na"", ""gi""]}, {""source_id"": ""hil-data"", ""source_file"": ""data/hil-data.json"", ""uid"": ""64f2c803-b436-4202-b4c7-acf5c7205bc3"", ""text"": ""liwigo niganigawanigi libinienigi"", ""token_tag"": ""N$"", ""token_gloss"": ""bonito"", ""split_tags"": [""Gen"", ""n"", ""Dim""], ""split_forms"": [""l"", ""ibinie"", ""nigi""]}, {""source_id"": ""van-data"", ""source_file"": ""data/van-data.json"", ""uid"": ""0c38eab8-c6b0-4f02-bf05-27ea6285fe70"", ""text"": ""Gawenigi eliodi me libinienigi"", ""token_tag"": ""N$"", ""token_gloss"": ""beleza"", ""split_tags"": [""Gen"", ""n"", ""Dim"", ""Gnr""], ""split_forms"": [""l"", ""binie"", ""na"", ""gi""]}, {""source_id"": ""van-data"", ""source_file"": ""data/van-data.json"", ""uid"": ""a85fda39-1575-4120-9432-8fb534ebdbd2"", ""text"": ""niGida liwenigi libinienigi"", ""token_tag"": ""N$"", ""token_gloss"": ""beleza"", ""split_tags"": [""Gen"", ""n"", ""Dim"", ""Gnr""], ""split_forms"": [""l"", ""binie"", ""na"", ""gi""]}, {""source_id"": ""van-data"", ""source_file"": ""data/van-data.json"", ""uid"": ""3aba0004-0ce2-4392-a334-ef814428ec0d"", ""text"": ""ijo libinienigi"", ""token_tag"": ""N$"", ""token_gloss"": ""beleza"", ""split_tags"": [""Gen"", ""n"", ""Dim"", ""Gnr""], ""split_forms"": [""l"", ""binie"", ""na"", ""gi""]}, {""source_id"": ""van-data"", ""source_file"": ""data/van-data.json"", ""uid"": ""5d76c7ee-51ce-47b0-a85d-ddc7f7d33f5f"", ""text"": ""ica liwigo niganigawanigi libinienigi"", ""token_tag"": ""N$"", ""token_gloss"": ""beleza"", ""split_tags"": [""Gen"", ""n"", ""Dim"", ""Gnr""], ""split_forms"": [""l"", ""binie"", ""na"", ""gi""]}, {""source_id"": ""van-data"", ""source_file"": ""data/van-data.json"", ""uid"": ""a2910ce3-a0d2-4eac-bcc3-2da15db88b90"", ""text"": ""ijo niwigo libinienigi ijowa nigetedi"", ""token_tag"": ""N$"", ""token_gloss"": ""bonito"", ""split_tags"": [""Gen"", ""n"", ""Dim""], ""split_forms"": [""l"", ""ibinie"", ""nigi""]}, {""source_id"": ""van-data"", ""source_file"": ""data/van-data.json"", ""uid"": ""83a62eb4-5a9e-43b0-b6b4-bded8dbd8ffe"", ""text"": ""liwigo okokodi ligetedi libinienigi ."", ""token_tag"": ""N$"", ""token_gloss"": ""beleza"", ""split_tags"": [""Gen"", ""n"", ""Dim"", ""Gnr""], ""split_forms"": [""l"", ""binie"", ""na"", ""gi""]}]"	conflicting_split_form_sequences_for_form	"[""l|binie|na|gi"", ""l|ibinie|nigi""]"	libinienigi
"[{""source_id"": ""ped-gramm"", ""source_file"": ""data/ped-gramm.json"", ""uid"": ""2f47b402-9fe7-4714-96e3-c6cbdf405472"", ""text"": ""iGeladi idei naigi anenapioi"", ""token_tag"": ""N$"", ""token_gloss"": ""minha casa"", ""split_tags"": [""Gen"", ""n""], ""split_forms"": [""i"", ""Geladi""]}, {""source_id"": ""ped-gramm"", ""source_file"": ""data/ped-gramm.json"", ""uid"": ""a4d33655-fe74-4df2-8d5e-b3c88fba5fd1"", ""text"": ""iGeladi idei naigi me napioi"", ""token_tag"": ""N$"", ""token_gloss"": ""minha casa"", ""split_tags"": [""Gen"", ""n""], ""split_forms"": [""i"", ""Geladi""]}, {""source_id"": ""ped-gramm"", ""source_file"": ""data/ped-gramm.json"", ""uid"": ""7b810df7-6ed0-4027-b2fe-72c64e9ca1dc"", ""text"": ""iGeladi idei mijo naigi naGajo"", ""token_tag"": ""N$"", ""token_gloss"": ""minha casa"", ""split_tags"": [""Gen"", ""n""], ""split_forms"": [""i"", ""Geladi""]}, {""source_id"": ""ped-gramm"", ""source_file"": ""data/ped-gramm.json"", ""uid"": ""a4ccc755-a644-4b04-ab1b-698e7acea4cc"", ""text"": ""iGeladi idei digoida"", ""token_tag"": ""N$"", ""token_gloss"": ""minha casa"", ""split_tags"": [""Gen"", ""n""], ""split_forms"": [""i"", ""Geladi""]}, {""source_id"": ""ped-gramm"", ""source_file"": ""data/ped-gramm.json"", ""uid"": ""82117289-be52-45d0-886d-a5747eb20ea2"", ""text"": ""iGeladi ipegitaGagi"", ""token_tag"": ""N$"", ""token_gloss"": ""minha casa"", ""split_tags"": [""Gen"", ""n""], ""split_forms"": [""i"", ""Geladi""]}, {""source_id"": ""ped-gramm"", ""source_file"": ""data/ped-gramm.json"", ""uid"": ""50f93fbc-14fa-48e7-b8ba-22f744109348"", ""text"": ""iGeladi ipegitegi liGeladi"", ""token_tag"": ""N$"", ""token_gloss"": ""minha casa"", ""split_tags"": [""Gen"", ""n""], ""split_forms"": [""i"", ""Geladi""]}, {""source_id"": ""ped-gramm"", ""source_file"": ""data/ped-gramm.json"", ""uid"": ""014fefb1-d5e3-48c8-9ac3-9e713a41407f"", ""text"": ""iGeladi ipegitegi naigi ane napioi"", ""token_tag"": ""N$"", ""token_gloss"": ""minha casa"", ""split_tags"": [""Gen"", ""n""], ""split_forms"": [""i"", ""iGeladi""]}, {""source_id"": ""ped-gramm"", ""source_file"": ""data/ped-gramm.json"", ""uid"": ""bb8018ba-76b3-43f2-82ea-78b6009c1f90"", ""text"": ""iGeladi ipegitegi naigi me napioi"", ""token_tag"": ""N$"", ""token_gloss"": ""minha casa"", ""split_tags"": [""Gen"", ""n""], ""split_forms"": [""i"", ""iGeladi""]}, {""source_id"": ""ped-gramm"", ""source_file"": ""data/ped-gramm.json"", ""uid"": ""1da1bf7a-7975-4baf-821b-9df5c75ac297"", ""text"": ""iGeladi aGipegitegi weiigi"", ""token_tag"": ""N$"", ""token_gloss"": ""minha casa"", ""split_tags"": [""Gen"", ""n""], ""split_forms"": [""i"", ""Geladi""]}, {""source_id"": ""ped-gramm"", ""source_file"": ""data/ped-gramm.json"", ""uid"": ""10e550d6-df13-4527-8aee-aa23e3f2fcdd"", ""text"": ""iGeladi digoida weiigi ."", ""token_tag"": ""N$"", ""token_gloss"": ""minha casa"", ""split_tags"": [""Gen"", ""n""], ""split_forms"": [""i"", ""Geladi""]}, {""source_id"": ""ped-gramm"", ""source_file"": ""data/ped-gramm.json"", ""uid"": ""874c123b-4c43-4001-bfce-8af4af0e5805"", ""text"": ""iGeladi idei weiigi ."", ""token_tag"": ""N$"", ""token_gloss"": ""minha casa"", ""split_tags"": [""Gen"", ""n""], ""split_forms"": [""i"", ""Geladi""]}, {""source_id"": ""van-data"", ""source_file"": ""data/van-data.json"", ""uid"": ""a7e338a1-5403-40d4-b169-c840cf193aae"", ""text"": ""iGeladi digoida weiigi"", ""token_tag"": ""N$"", ""token_gloss"": ""minha casa"", ""split_tags"": [""Gen"", ""n""], ""split_forms"": [""i"", ""Geladi""]}, {""source_id"": ""van-data"", ""source_file"": ""data/van-data.json"", ""uid"": ""d07f0db7-963e-47ab-ab3f-36614732bacd"", ""text"": ""iGeladi idei weiigi"", ""token_tag"": ""N$"", ""token_gloss"": ""minha casa"", ""split_tags"": [""Gen"", ""n""], ""split_forms"": [""i"", ""Geladi""]}, {""source_id"": ""van-data"", ""source_file"": ""data/van-data.json"", ""uid"": ""f50b632e-fc1a-4ec0-b8b3-610dab7be736"", ""text"": ""iGeladi ideaGi weiigi"", ""token_tag"": ""N$"", ""token_gloss"": ""minha casa"", ""split_tags"": [""Gen"", ""n""], ""split_forms"": [""i"", ""Geladi""]}]"	conflicting_split_form_sequences_for_form	"[""i|Geladi"", ""i|iGeladi""]"	iGeladi
"[{""source_id"": ""ped-gramm"", ""source_file"": ""data/ped-gramm.json"", ""uid"": ""2f47b402-9fe7-4714-96e3-c6cbdf405472"", ""text"": ""iGeladi idei naigi anenapioi"", ""token_tag"": ""WPRO"", ""token_gloss"": null, ""split_tags"": [""Wpro"", ""Adj""], ""split_forms"": [""ane"", ""napioi""]}, {""source_id"": ""ped-gramm"", ""source_file"": ""data/ped-gramm.json"", ""uid"": ""2c0248b3-8f68-46e9-b41c-9f7807572c87"", ""text"": ""etogo aneiwaGadi adakake lojedi ."", ""token_tag"": ""WPRO"", ""token_gloss"": ""que é pesado"", ""split_tags"": [""Wpro"", ""v"", ""Der""], ""split_forms"": [""ane"", ""iwa"", ""Gadi""]}, {""source_id"": ""hil-data"", ""source_file"": ""data/hil-data.json"", ""uid"": ""e349508c-4d86-48b8-9918-057988755e77"", ""text"": ""Etogo aneiwaGadi adakake lojedi"", ""token_tag"": ""WPRO"", ""token_gloss"": null, ""split_tags"": ["""", """"], ""split_forms"": [""ane"", ""iwaGadi""]}]"	conflicting_split_form_sequences_for_form	"[""ane|iwaGadi"", ""ane|iwa|Gadi"", ""ane|napioi""]"	ane@
"[{""source_id"": ""ped-gramm"", ""source_file"": ""data/ped-gramm.json"", ""uid"": ""7b810df7-6ed0-4027-b2fe-72c64e9ca1dc"", ""text"": ""iGeladi idei mijo naigi naGajo"", ""token_tag"": ""C"", ""token_gloss"": ""com a"", ""split_tags"": [""c"", ""Gnr"", ""Ncl""], ""split_forms"": [""me"", ""i"", ""jo""]}, {""source_id"": ""ped-gramm"", ""source_file"": ""data/ped-gramm.json"", ""uid"": ""ee1a1190-7803-404c-83f6-49d3ccf63b0d"", ""text"": ""Eyodi dowediteloco naodigijedi micoataGa daGa me lionigipi"", ""token_tag"": ""C"", ""token_gloss"": ""que com elas"", ""split_tags"": [""c"", ""Gnr"", ""Ncl"", ""Plu"", ""Apl""], ""split_forms"": [""me"", ""i"", ""ca"", ""wa"", ""taGa""]}, {""source_id"": ""ped-gramm"", ""source_file"": ""data/ped-gramm.json"", ""uid"": ""156fa9a4-4323-44f1-9cdc-ef5dc052b428"", ""text"": ""etee minitaGa"", ""token_tag"": ""C"", ""token_gloss"": ""com ele"", ""split_tags"": [""c"", ""Gnr"", ""Ncl"", ""Apl""], ""split_forms"": [""me"", ""i"", ""ni"", ""taGa""]}, {""source_id"": ""ped-gramm"", ""source_file"": ""data/ped-gramm.json"", ""uid"": ""edb3d8e5-d0c3-4ee6-97a8-ecb3afc84ded"", ""text"": ""IiGeladi midi akiidi"", ""token_tag"": ""C"", ""token_gloss"": ""que o"", ""split_tags"": [""c"", ""Gnr"", ""Ncl""], ""split_forms"": [""me"", ""i"", ""di""]}, {""source_id"": ""hil-data"", ""source_file"": ""data/hil-data.json"", ""uid"": ""559ba85f-edfc-48dc-9bfb-0c3f8e5ad887"", ""text"": ""NaGajo lomigo Pedilo idei madi niwatece"", ""token_tag"": ""C"", ""token_gloss"": ""que o"", ""split_tags"": ["""", """", """"], ""split_forms"": [""me"", ""a"", ""di""]}, {""source_id"": ""hil-data"", ""source_file"": ""data/hil-data.json"", ""uid"": ""92838eda-ef9b-4f05-a5eb-38a4709c0337"", ""text"": ""NaGajo lomigo niganigawanigi madi niwatece"", ""token_tag"": ""C"", ""token_gloss"": ""que o"", ""split_tags"": ["""", """", """"], ""split_forms"": [""me"", ""a"", ""di""]}, {""source_id"": ""hil-data"", ""source_file"": ""data/hil-data.json"", ""uid"": ""0de3d311-348a-4107-a191-9fc3f960c249"", ""text"": ""niGijoa lionaGa iwaalo idei mijotaGa"", ""token_tag"": ""C"", ""token_gloss"": ""com ele"", ""split_tags"": ["""", """"], ""split_forms"": [""me"", ""ijotaGa""]}, {""source_id"": ""hil-data"", ""source_file"": ""data/hil-data.json"", ""uid"": ""4e9130da-80fd-4ac2-8665-956c95b299e2"", ""text"": ""dibixodi ideiticoaci maditaGa"", ""token_tag"": ""C"", ""token_gloss"": ""com ela"", ""split_tags"": [""c"", ""Gnr"", ""Ncl"", ""Apl""], ""split_forms"": [""me"", ""a"", ""di"", ""taGa""]}, {""source_id"": ""hil-data"", ""source_file"": ""data/hil-data.json"", ""uid"": ""24a9e039-79d0-4026-8824-0d061c2b21ee"", ""text"": ""naGana eliodi meninitibeci"", ""token_tag"": ""C"", ""token_gloss"": ""que está feliz"", ""split_tags"": ["""", """"], ""split_forms"": [""me"", ""ninitibeci""]}, {""source_id"": ""hil-data"", ""source_file"": ""data/hil-data.json"", ""uid"": ""79cb0e55-9c06-4cb1-91b3-2b5233e1678f"", ""text"": ""nigidiwa okokodi ligetedi midi niwigo libinienaGa"", ""token_tag"": ""C"", ""token_gloss"": ""para os"", ""split_tags"": ["""", """", """"], ""split_forms"": [""me"", ""i"", ""di""]}, {""source_id"": ""hil-data"", ""source_file"": ""data/hil-data.json"", ""uid"": ""42671da9-e433-4319-86a0-2a2cb8777a40"", ""text"": ""Ite ee madataGa"", ""token_tag"": ""C"", ""token_gloss"": ""com ela"", ""split_tags"": ["""", """"], ""split_forms"": [""me"", ""adataGa""]}, {""source_id"": ""hil-data"", ""source_file"": ""data/hil-data.json"", ""uid"": ""e58e38a7-f117-48f1-8a17-9d896867fe60"", ""text"": ""Ite ee midataGa"", ""token_tag"": ""C"", ""token_gloss"": null, ""split_tags"": ["""", """"], ""split_forms"": [""me"", ""idataGa""]}, {""source_id"": ""hil-data"", ""source_file"": ""data/hil-data.json"", ""uid"": ""341bf09a-2ef8-455a-8b6b-88373c617dae"", ""text"": ""oko aidejonaGa midi Godoigi"", ""token_tag"": ""C"", ""token_gloss"": ""para os"", ""split_tags"": ["""", """", """"], ""split_forms"": [""me"", ""i"", ""di""]}, {""source_id"": ""hil-data"", ""source_file"": ""data/hil-data.json"", ""uid"": ""dff00f05-7be1-4d62-b3ed-b8a8870851e9"", ""text"": ""aidejonaGa midi Godoigi"", ""token_tag"": ""C"", ""token_gloss"": null, ""split_tags"": ["""", """", """"], ""split_forms"": [""me"", ""i"", ""di""]}, {""source_id"": ""hil-data"", ""source_file"": ""data/hil-data.json"", ""uid"": ""3ab5703a-eb5c-48d2-b75b-992da5e60dd6"", ""text"": ""niGijo nelokodi Maria idei midi akiidi"", ""token_tag"": ""C"", ""token_gloss"": ""para os"", ""split_tags"": ["""", """", """"], ""split_forms"": [""me"", ""i"", ""di""]}, {""source_id"": ""hil-data"", ""source_file"": ""data/hil-data.json"", ""uid"": ""13f012b0-ef62-4477-b4bd-00e000484874"", ""text"": ""NiGidi lionaGa iwaalo etidi meetaGa"", ""token_tag"": ""C"", ""token_gloss"": ""que é em mim"", ""split_tags"": ["""", ""Pro"", ""Apl""], ""split_forms"": [""me"", ""ee"", ""taGa""]}, {""source_id"": ""van-data"", ""source_file"": ""data/van-data.json"", ""uid"": ""2386b5b5-57d0-4a1f-86c2-73f67561744c"", ""text"": ""naGajo lomiigo nigaanigawaanigi manitaGa niwatece"", ""token_tag"": ""C"", ""token_gloss"": ""que com el(e|a)"", ""split_tags"": [""c"", ""Gnr"", ""Ncl"", ""Apl""], ""split_forms"": [""me"", ""a"", ""ni"", ""taGa""]}, {""source_id"": ""van-data"", ""source_file"": ""data/van-data.json"", ""uid"": ""4c41fdf6-0c48-4eb6-91f7-121c21f3e2a7"", ""text"": ""Ijo nigaanigawaanigi idei madi lomiigo niwatece"", ""token_tag"": ""C"", ""token_gloss"": ""que o"", ""split_tags"": [""c"", ""Gnr"", ""Ncl""], ""split_forms"": [""me"", ""a"", ""di""]}, {""source_id"": ""van-data"", ""source_file"": ""data/van-data.json"", ""uid"": ""235440ba-548e-4df6-8d9e-214cc8714f8f"", ""text"": ""niGijo nigaanigawaanigi manitaGa lomigo niwatece"", ""token_tag"": ""C"", ""token_gloss"": null, ""split_tags"": ["""", ""Gnr"", ""Ncl"", ""Apl""], ""split_forms"": [""me"", ""a"", ""ni"", ""taGa""]}, {""source_id"": ""van-data"", ""source_file"": ""data/van-data.json"", ""uid"": ""d021bede-064b-4fd5-bb33-6c7cd4279c1b"", ""text"": ""Eyo manitaGa nigotaGa"", ""token_tag"": ""C"", ""token_gloss"": null, ""split_tags"": ["""", ""Gnr"", ""Ncl"", ""Apl""], ""split_forms"": [""me"", ""a"", ""ni"", ""taGa""]}, {""source_id"": ""van-data"", ""source_file"": ""data/van-data.json"", ""uid"": ""e5c65dad-8b04-46da-b965-4921887cbca4"", ""text"": ""niGijoa lionigipi iwaalo idei minitaGa"", ""token_tag"": ""C"", ""token_gloss"": ""com ele"", ""split_tags"": [""c"", """"], ""split_forms"": [""me"", ""initaGa""]}, {""source_id"": ""van-data"", ""source_file"": ""data/van-data.json"", ""uid"": ""8c5dd09c-d010-4c48-9601-9d3b14c61119"", ""text"": ""dibixodi idei manitaGa"", ""token_tag"": ""C"", ""token_gloss"": null, ""split_tags"": ["""", ""Gnr"", ""Ncl"", ""Apl""], ""split_forms"": [""me"", ""a"", ""ni"", ""taGa""]}, {""source_id"": ""van-data"", ""source_file"": ""data/van-data.json"", ""uid"": ""5739aca1-95fc-4584-9550-d7bd73c3c361"", ""text"": ""okokodi ligetedi midi niwigo libinienaGa ."", ""token_tag"": ""C"", ""token_gloss"": ""para os"", ""split_tags"": [""c"", ""Gnr"", ""Ncl""], ""split_forms"": [""me"", ""i"", ""di""]}, {""source_id"": ""van-data"", ""source_file"": ""data/van-data.json"", ""uid"": ""e7f4ab65-14d7-44f5-a197-c99c4ab173cd"", ""text"": ""etee manitaGa"", ""token_tag"": ""C"", ""token_gloss"": null, ""split_tags"": ["""", ""Gnr"", ""Ncl"", ""Apl""], ""split_forms"": [""me"", ""a"", ""ni"", ""taGa""]}, {""source_id"": ""van-data"", ""source_file"": ""data/van-data.json"", ""uid"": ""7aa17dd7-2c26-4df9-8f90-65d8d58e2c59"", ""text"": ""etee minitaGa"", ""token_tag"": ""C"", ""token_gloss"": ""com ele"", ""split_tags"": ["""", ""Gnr"", ""Ncl"", ""Apl""], ""split_forms"": [""me"", ""i"", ""ni"", ""taGa""]}, {""source_id"": ""van-data"", ""source_file"": ""data/van-data.json"", ""uid"": ""42df6a83-6ae1-49b2-bd99-fbed7e2a083b"", ""text"": ""aGeewi mica iniKGigi"", ""token_tag"": ""C"", ""token_gloss"": ""que a"", ""split_tags"": ["""", """", """"], ""split_forms"": [""me"", ""i"", ""ca""]}, {""source_id"": ""van-data"", ""source_file"": ""data/van-data.json"", ""uid"": ""27d94732-46ea-4286-a1d4-b2861806a579"", ""text"": ""aGeyo mica inikGigi"", ""token_tag"": ""C"", ""token_gloss"": ""que a"", ""split_tags"": ["""", """", """"], ""split_forms"": [""me"", ""i"", ""ca""]}, {""source_id"": ""van-data"", ""source_file"": ""data/van-data.json"", ""uid"": ""d3952c8a-1ac1-4255-be0b-63978fdf368b"", ""text"": ""aGidedonaGa midi Godoigi"", ""token_tag"": ""C"", ""token_gloss"": null, ""split_tags"": ["""", """", """"], ""split_forms"": [""me"", ""i"", ""di""]}, {""source_id"": ""van-data"", ""source_file"": ""data/van-data.json"", ""uid"": ""fbae0277-3aad-4812-9229-94179b5a97a0"", ""text"": ""aGide jonaGa midi Godoigi"", ""token_tag"": ""C"", ""token_gloss"": null, ""split_tags"": ["""", """", """"], ""split_forms"": [""me"", ""i"", ""di""]}]"	conflicting_split_form_sequences_for_form	"[""me|adataGa"", ""me|a|di"", ""me|a|di|taGa"", ""me|a|ni|taGa"", ""me|ee|taGa"", ""me|idataGa"", ""me|ijotaGa"", ""me|initaGa"", ""me|i|ca"", ""me|i|ca|wa|taGa"", ""me|i|di"", ""me|i|jo"", ""me|i|ni|taGa"", ""me|ninitibeci""]"	me@
"[{""source_id"": ""ped-gramm"", ""source_file"": ""data/ped-gramm.json"", ""uid"": ""19401990-aa1d-4cf5-bea1-122254c6b77a"", ""text"": ""lotaGa GanaginaGa libinienaGa ."", ""token_tag"": ""N$"", ""token_gloss"": ""bonitas"", ""split_tags"": [""Gen"", ""n"", ""Dim""], ""split_forms"": [""l"", ""binie"", ""naGa""]}, {""source_id"": ""hil-data"", ""source_file"": ""data/hil-data.json"", ""uid"": ""39f34955-a828-47d7-808d-b3b3565b42d6"", ""text"": ""LotaGa Ganioxoa libinienaGa"", ""token_tag"": ""N$"", ""token_gloss"": ""bonita"", ""split_tags"": [""Gen"", ""n"", ""Dim"", ""Plu""], ""split_forms"": [""l"", ""binie"", ""na"", ""Ga""]}, {""source_id"": ""hil-data"", ""source_file"": ""data/hil-data.json"", ""uid"": ""d3ae6cfd-bec1-49f3-a0f9-4ca0744e3404"", ""text"": ""LotaGa Gadodawa libinienaGa"", ""token_tag"": ""N$"", ""token_gloss"": ""bonita"", ""split_tags"": [""Gen"", ""n"", ""Dim"", ""Plu""], ""split_forms"": [""l"", ""binie"", ""na"", ""Ga""]}, {""source_id"": ""hil-data"", ""source_file"": ""data/hil-data.json"", ""uid"": ""79cb0e55-9c06-4cb1-91b3-2b5233e1678f"", ""text"": ""nigidiwa okokodi ligetedi midi niwigo libinienaGa"", ""token_tag"": ""N$"", ""token_gloss"": ""bonitas"", ""split_tags"": [""Gen"", ""n"", ""Dim"", ""Plu""], ""split_forms"": [""l"", ""binie"", ""na"", ""Ga""]}, {""source_id"": ""hil-data"", ""source_file"": ""data/hil-data.json"", ""uid"": ""a74fea0a-dd87-4c4d-8670-9db66f5b5b16"", ""text"": ""nigidiwa okokodi ligetedi liwigo libinienaGa"", ""token_tag"": ""N$"", ""token_gloss"": ""bonitas"", ""split_tags"": [""Gen"", ""n"", ""Dim"", ""Plu""], ""split_forms"": [""l"", ""binie"", ""na"", ""Ga""]}, {""source_id"": ""van-data"", ""source_file"": ""data/van-data.json"", ""uid"": ""3e518fdb-d852-41e5-87a4-f8778597c2a1"", ""text"": ""lotaGa GanaaginaGa libinienaGa"", ""token_tag"": ""N$"", ""token_gloss"": ""bonita"", ""split_tags"": [""Gen"", ""n"", ""Dim""], ""split_forms"": [""l"", ""binie"", ""naGa""]}, {""source_id"": ""van-data"", ""source_file"": ""data/van-data.json"", ""uid"": ""ee540050-e6fa-424e-9252-fd0b9312769d"", ""text"": ""lotaGa Gadodawa libinienaGa"", ""token_tag"": ""N$"", ""token_gloss"": ""bonita"", ""split_tags"": [""Gen"", ""n"", ""Dim"", ""Plu""], ""split_forms"": [""l"", ""binie"", ""na"", ""Ga""]}, {""source_id"": ""van-data"", ""source_file"": ""data/van-data.json"", ""uid"": ""44646324-eb90-42f0-b944-21f0452109e2"", ""text"": ""ijowa nigetedi liwigo libinienaGa"", ""token_tag"": ""N$"", ""token_gloss"": null, ""split_tags"": [], ""split_forms"": []}, {""source_id"": ""van-data"", ""source_file"": ""data/van-data.json"", ""uid"": ""5739aca1-95fc-4584-9550-d7bd73c3c361"", ""text"": ""okokodi ligetedi midi niwigo libinienaGa ."", ""token_tag"": ""N$"", ""token_gloss"": ""bonitas/bonitos"", ""split_tags"": [""Gen"", ""n"", ""Dim"", ""Plu""], ""split_forms"": [""l"", ""binie"", ""na"", ""Ga""]}]"	conflicting_split_form_sequences_for_form	"[""l|binie|naGa"", ""l|binie|na|Ga""]"	libinienaGa
"[{""source_id"": ""ped-gramm"", ""source_file"": ""data/ped-gramm.json"", ""uid"": ""3b45c470-6164-4fcf-a4d5-90be0f27eb1d"", ""text"": ""ee aGidininitibeci"", ""token_tag"": ""PRO"", ""token_gloss"": ""eu"", ""split_tags"": [""v"", ""Plu""], ""split_forms"": [""ejin"", ""aGa""]}, {""source_id"": ""hil-data"", ""source_file"": ""data/hil-data.json"", ""uid"": ""3a7e213b-323e-4694-bad9-47091f3533f5"", ""text"": ""Te ee nigotaGa"", ""token_tag"": ""PRO"", ""token_gloss"": ""eu"", ""split_tags"": [""Pro""], ""split_forms"": [""ee""]}, {""source_id"": ""hil-data"", ""source_file"": ""data/hil-data.json"", ""uid"": ""07bfcd00-7901-474d-bfb8-bf470266aafa"", ""text"": ""Ee ite ee ina"", ""token_tag"": ""PRO"", ""token_gloss"": ""eu"", ""split_tags"": [""Pro""], ""split_forms"": [""ee""]}, {""source_id"": ""hil-data"", ""source_file"": ""data/hil-data.json"", ""uid"": ""42671da9-e433-4319-86a0-2a2cb8777a40"", ""text"": ""Ite ee madataGa"", ""token_tag"": ""PRO"", ""token_gloss"": ""eu"", ""split_tags"": [""Pro""], ""split_forms"": [""ee""]}, {""source_id"": ""hil-data"", ""source_file"": ""data/hil-data.json"", ""uid"": ""e58e38a7-f117-48f1-8a17-9d896867fe60"", ""text"": ""Ite ee midataGa"", ""token_tag"": ""PRO"", ""token_gloss"": ""eu"", ""split_tags"": [""Pro""], ""split_forms"": [""ee""]}, {""source_id"": ""hil-data"", ""source_file"": ""data/hil-data.json"", ""uid"": ""1e1fafc0-29c6-41d4-a0d2-4c825d9af376"", ""text"": ""ee idiwaGadi"", ""token_tag"": ""PRO"", ""token_gloss"": ""eu"", ""split_tags"": [""Pro""], ""split_forms"": [""ee""]}, {""source_id"": ""van-data"", ""source_file"": ""data/van-data.json"", ""uid"": ""c3c548d7-b154-437e-9baf-541a1bbbab6e"", ""text"": ""ee aGica inikeGegi"", ""token_tag"": ""PRO"", ""token_gloss"": ""eu"", ""split_tags"": [""Pro""], ""split_forms"": [""ee""]}, {""source_id"": ""van-data"", ""source_file"": ""data/van-data.json"", ""uid"": ""c4d99cf1-e781-4efb-83ff-4a0ab873b7ec"", ""text"": ""ee aGidininitibeci"", ""token_tag"": ""PRO"", ""token_gloss"": ""eu"", ""split_tags"": [""Pro""], ""split_forms"": [""ee""]}, {""source_id"": ""van-data"", ""source_file"": ""data/van-data.json"", ""uid"": ""39925f76-d73f-423f-95cd-f88bd78f2a6e"", ""text"": ""ee eliodi me aGidininitibeci"", ""token_tag"": ""D"", ""token_gloss"": ""eu"", ""split_tags"": [""Pro""], ""split_forms"": [""ee""]}, {""source_id"": ""van-data"", ""source_file"": ""data/van-data.json"", ""uid"": ""b3c03f67-7664-43b7-9de8-b5243321eeb7"", ""text"": ""ee idiwaaGadi"", ""token_tag"": ""PRO"", ""token_gloss"": ""eu"", ""split_tags"": [""Pro""], ""split_forms"": [""ee""]}, {""source_id"": ""van-data"", ""source_file"": ""data/van-data.json"", ""uid"": ""6852927c-53de-411d-9ed9-e0f9d78309cd"", ""text"": ""ee jigipegitege"", ""token_tag"": ""PRO"", ""token_gloss"": ""eu"", ""split_tags"": [""Pro""], ""split_forms"": [""ee""]}, {""source_id"": ""van-data"", ""source_file"": ""data/van-data.json"", ""uid"": ""2b6a6bee-392e-49f9-97a9-0afbb0af2eff"", ""text"": ""ee jigipegitegi"", ""token_tag"": ""PRO"", ""token_gloss"": ""eu"", ""split_tags"": [""Pro""], ""split_forms"": [""ee""]}]"	conflicting_split_form_sequences_for_form	"[""ee"", ""ejin|aGa""]"	ee
"[{""source_id"": ""ped-gramm"", ""source_file"": ""data/ped-gramm.json"", ""uid"": ""d543f155-c01f-4b5e-add1-0533b8ac6e15"", ""text"": ""jipacaGataGagitiwaji"", ""token_tag"": ""VBAPL"", ""token_gloss"": null, ""split_tags"": [""Erg"", ""v"", ""Plu"", ""Hon"", ""Apl"", ""Coll""], ""split_forms"": [""j"", ""paca"", ""Ga"", ""ta"", ""Gagi"", ""tiwaji""]}, {""source_id"": ""ped-gramm"", ""source_file"": ""data/ped-gramm.json"", ""uid"": ""74a76be1-d4b6-42e1-9100-6a436a7fa065"", ""text"": ""akaami oko jipacaGataGagitiwaji"", ""token_tag"": ""VBAPL"", ""token_gloss"": null, ""split_tags"": [], ""split_forms"": []}, {""source_id"": ""van-data"", ""source_file"": ""data/van-data.json"", ""uid"": ""e9b78452-925e-458b-848a-d52ab76f6840"", ""text"": ""jipacaGataGagitiwaji"", ""token_tag"": ""VBAPL"", ""token_gloss"": null, ""split_tags"": [""Erg"", ""v"", ""Plu"", ""Apl"", ""Gnr"", """", ""Tot""], ""split_forms"": [""j"", ""pegi"", ""Ga"", ""taGa"", ""gi"", ""ti"", ""waji""]}]"	conflicting_split_form_sequences_for_form	"[""j|paca|Ga|ta|Gagi|tiwaji"", ""j|pegi|Ga|taGa|gi|ti|waji""]"	jipacaGataGagitiwaji
"[{""source_id"": ""ped-gramm"", ""source_file"": ""data/ped-gramm.json"", ""uid"": ""2c0248b3-8f68-46e9-b41c-9f7807572c87"", ""text"": ""etogo aneiwaGadi adakake lojedi ."", ""token_tag"": ""NEG+VB"", ""token_gloss"": ""não duro"", ""split_tags"": ["""", ""Inv"", ""v""], ""split_forms"": [""aG"", ""d"", ""akake""]}, {""source_id"": ""ped-gramm"", ""source_file"": ""data/ped-gramm.json"", ""uid"": ""73ceda1b-be14-4e75-9b1e-2a490d7df366"", ""text"": ""etogo adakake lojedi"", ""token_tag"": ""NEG+VB"", ""token_gloss"": ""não duro"", ""split_tags"": ["""", ""Inv"", ""v""], ""split_forms"": [""aG"", ""d"", ""akake""]}, {""source_id"": ""ped-gramm"", ""source_file"": ""data/ped-gramm.json"", ""uid"": ""1ab7fa26-ed92-4d55-98d0-0d76396373f0"", ""text"": ""Etogoli iwaGadi adakake lojetedi"", ""token_tag"": ""NEG+ADJ"", ""token_gloss"": ""não duro"", ""split_tags"": [""Neg"", ""Inv"", ""v""], ""split_forms"": [""aG"", ""d"", ""akake""]}, {""source_id"": ""hil-data"", ""source_file"": ""data/hil-data.json"", ""uid"": ""e349508c-4d86-48b8-9918-057988755e77"", ""text"": ""Etogo aneiwaGadi adakake lojedi"", ""token_tag"": ""CNEG+VB"", ""token_gloss"": ""não duro"", ""split_tags"": [""Neg"", ""Inv"", ""v""], ""split_forms"": [""aG"", ""d"", ""akake""]}, {""source_id"": ""hil-data"", ""source_file"": ""data/hil-data.json"", ""uid"": ""1d10c633-e74d-4e27-ac23-6b6b2dde9647"", ""text"": ""Etogo ane iwaGadi adakake loojedi"", ""token_tag"": ""NEG+VB"", ""token_gloss"": ""não duro"", ""split_tags"": [""Neg"", """"], ""split_forms"": [""aG"", ""dakake""]}]"	conflicting_split_form_sequences_for_form	"[""aG|dakake"", ""aG|d|akake""]"	adakake
"[{""source_id"": ""ped-gramm"", ""source_file"": ""data/ped-gramm.json"", ""uid"": ""bf632295-26f8-4ee6-979f-33f090ef0471"", ""text"": ""etogoli dakake lojetedi"", ""token_tag"": ""N$"", ""token_gloss"": ""preços dele"", ""split_tags"": [""Gen"", ""n"", ""Plu""], ""split_forms"": [""l"", ""oojedi"", ""tedi""]}, {""source_id"": ""ped-gramm"", ""source_file"": ""data/ped-gramm.json"", ""uid"": ""1ab7fa26-ed92-4d55-98d0-0d76396373f0"", ""text"": ""Etogoli iwaGadi adakake lojetedi"", ""token_tag"": ""N$"", ""token_gloss"": ""preços dele"", ""split_tags"": [""Gen"", ""n"", ""Plu""], ""split_forms"": [""l"", ""oojedi"", ""tedi""]}, {""source_id"": ""van-data"", ""source_file"": ""data/van-data.json"", ""uid"": ""947061b4-7b73-4612-8aa8-0af0e04cbc85"", ""text"": ""niwatece iwaGadi noxilece lojetedi"", ""token_tag"": ""N$"", ""token_gloss"": ""seu preço/vingança"", ""split_tags"": ["""", """", """"], ""split_forms"": [""l"", ""oje"", ""tedi""]}]"	conflicting_split_form_sequences_for_form	"[""l|oje|tedi"", ""l|oojedi|tedi""]"	lojetedi
"[{""source_id"": ""hil-data"", ""source_file"": ""data/hil-data.json"", ""uid"": ""0ca977cd-2edf-45d9-b958-068648aebef9"", ""text"": ""NiGida niwenigi eliodi me dakake loojedi"", ""token_tag"": ""D"", ""token_gloss"": ""este"", ""split_tags"": [""Dem"", ""Gnr"", ""Ncl""], ""split_forms"": [""nG"", ""i"", ""da""]}, {""source_id"": ""hil-data"", ""source_file"": ""data/hil-data.json"", ""uid"": ""3a27c7c6-ecd6-45c0-a71e-b4aa2a242a3d"", ""text"": ""NiGida lodajo lodawa aidei dineigi"", ""token_tag"": ""D"", ""token_gloss"": ""este"", ""split_tags"": [""Dem"", ""Gnr"", ""Ncl""], ""split_forms"": [""niG"", ""i"", ""da""]}]"	conflicting_split_form_sequences_for_form	"[""nG|i|da"", ""niG|i|da""]"	NiGida
"[{""source_id"": ""hil-data"", ""source_file"": ""data/hil-data.json"", ""uid"": ""0de3d311-348a-4107-a191-9fc3f960c249"", ""text"": ""niGijoa lionaGa iwaalo idei mijotaGa"", ""token_tag"": ""N$"", ""token_gloss"": ""filhos"", ""split_tags"": [""Gen"", ""n"", ""Plu""], ""split_forms"": [""l"", ""ion"", ""Ga""]}, {""source_id"": ""hil-data"", ""source_file"": ""data/hil-data.json"", ""uid"": ""13f012b0-ef62-4477-b4bd-00e000484874"", ""text"": ""NiGidi lionaGa iwaalo etidi meetaGa"", ""token_tag"": ""N$"", ""token_gloss"": ""filhas"", ""split_tags"": [""Gen"", ""n"", ""Plu""], ""split_forms"": [""l"", ""iona"", ""Ga""]}]"	conflicting_split_form_sequences_for_form	"[""l|iona|Ga"", ""l|ion|Ga""]"	lionaGa
"[{""source_id"": ""hil-data"", ""source_file"": ""data/hil-data.json"", ""uid"": ""8dda04f0-f7e8-46d6-b41d-b65dd214f01b"", ""text"": ""NiGidoa waca lotiidi dapicoGo"", ""token_tag"": ""VB"", ""token_gloss"": ""(ser|estar)_quente"", ""split_tags"": [""Inv"", ""v""], ""split_forms"": [""d"", ""apicoGo""]}, {""source_id"": ""hil-data"", ""source_file"": ""data/hil-data.json"", ""uid"": ""f0c7c722-031a-4c6e-ad7e-739402475c99"", ""text"": ""NiGijo bijo dapicoGo"", ""token_tag"": ""VB"", ""token_gloss"": ""(ser|estar)_quente"", ""split_tags"": [""Inv"", ""v""], ""split_forms"": [""d"", ""apicoGo""]}, {""source_id"": ""hil-data"", ""source_file"": ""data/hil-data.json"", ""uid"": ""c3225d86-7037-4f8c-9981-8e92b6a081d6"", ""text"": ""nigidiwa bijotedi dapicoGo"", ""token_tag"": ""VB"", ""token_gloss"": ""(ser|estar)_quente"", ""split_tags"": [""Inv"", ""v""], ""split_forms"": [""d"", ""apicoGo""]}, {""source_id"": ""van-data"", ""source_file"": ""data/van-data.json"", ""uid"": ""b4e1df8d-6590-4ce9-9f72-c0b054398c89"", ""text"": ""niGidowa waca lotiidi dapicoGo"", ""token_tag"": ""VB"", ""token_gloss"": ""está quente"", ""split_tags"": [""Inv"", ""v""], ""split_forms"": [""d"", ""apikoGo""]}, {""source_id"": ""van-data"", ""source_file"": ""data/van-data.json"", ""uid"": ""278e4c5c-aaab-4ca3-8f5e-277610fb80c2"", ""text"": ""idowa waca lotiidi dapicoGo"", ""token_tag"": ""VB"", ""token_gloss"": ""está quente"", ""split_tags"": ["""", """"], ""split_forms"": [""d"", ""apikoGo""]}]"	conflicting_split_form_sequences_for_form	"[""d|apicoGo"", ""d|apikoGo""]"	dapicoGo
"[{""source_id"": ""hil-data"", ""source_file"": ""data/hil-data.json"", ""uid"": ""83fdcd4c-338f-4a9f-8545-da8539e67e9d"", ""text"": ""Nigidiwa noGojedi lixagotaGaGa adakake lojedi"", ""token_tag"": ""N$"", ""token_gloss"": ""vermelho"", ""split_tags"": [""Gen"", ""v"", ""Der"", ""Gnr""], ""split_forms"": [""l"", ""ixagodi"", ""taGa"", ""Ga""]}, {""source_id"": ""van-data"", ""source_file"": ""data/van-data.json"", ""uid"": ""fad6e8d3-1e9f-451c-aaa7-fd28aecfd967"", ""text"": ""idiwa noGojedi lixagotaGaGa adakake loojedi"", ""token_tag"": ""N$"", ""token_gloss"": ""vermelhitudes"", ""split_tags"": [""Gen"", ""v"", ""Der"", ""Plu""], ""split_forms"": [""l"", ""ixagodi"", ""aGa"", ""Ga""]}]"	conflicting_split_form_sequences_for_form	"[""l|ixagodi|aGa|Ga"", ""l|ixagodi|taGa|Ga""]"	lixagotaGaGa
"[{""source_id"": ""hil-data"", ""source_file"": ""data/hil-data.json"", ""uid"": ""07bfcd00-7901-474d-bfb8-bf470266aafa"", ""text"": ""Ee ite ee ina"", ""token_tag"": ""PRO"", ""token_gloss"": ""eu"", ""split_tags"": [""v"", ""Plu""], ""split_forms"": [""ejin"", ""aGa""]}, {""source_id"": ""hil-data"", ""source_file"": ""data/hil-data.json"", ""uid"": ""4242d34b-9096-45a2-a666-502a2cb9ca49"", ""text"": ""Ee aidinitibeci ."", ""token_tag"": ""PRO"", ""token_gloss"": ""eu"", ""split_tags"": [""Pro""], ""split_forms"": [""ee""]}, {""source_id"": ""hil-data"", ""source_file"": ""data/hil-data.json"", ""uid"": ""1e9df213-90da-4674-8889-4ac858df72fe"", ""text"": ""Ee ageliodi me idinitibeci"", ""token_tag"": ""PRO"", ""token_gloss"": ""eu"", ""split_tags"": [""Pro""], ""split_forms"": [""ee""]}, {""source_id"": ""hil-data"", ""source_file"": ""data/hil-data.json"", ""uid"": ""c4302bef-3de9-4f3c-b762-f6b77183f263"", ""text"": ""Ee ajipegitege"", ""token_tag"": ""PRO"", ""token_gloss"": ""eu"", ""split_tags"": [""Pro""], ""split_forms"": [""ee""]}, {""source_id"": ""hil-data"", ""source_file"": ""data/hil-data.json"", ""uid"": ""5bc48b27-0755-475f-813e-7a259f3c3c9e"", ""text"": ""Ee ajipegitege"", ""token_tag"": ""PRO"", ""token_gloss"": ""eu"", ""split_tags"": [""Pro""], ""split_forms"": [""ee""]}]"	conflicting_split_form_sequences_for_form	"[""ee"", ""ejin|aGa""]"	Ee
"[{""source_id"": ""van-data"", ""source_file"": ""data/van-data.json"", ""uid"": ""2c026af9-b8a1-4389-b658-00113b070dee"", ""text"": ""niwatece liwaGatena lodejedi etidi weiigi"", ""token_tag"": ""N$"", ""token_gloss"": ""seu peso"", ""split_tags"": [""Gen"", ""v"", ""Der""], ""split_forms"": [""l"", ""iwaaGadi"", ""tena""]}, {""source_id"": ""van-data"", ""source_file"": ""data/van-data.json"", ""uid"": ""46190f73-f21e-4073-b09c-8b2d17c6668e"", ""text"": ""naGani wetiGa liwaGatena"", ""token_tag"": ""N$"", ""token_gloss"": ""peso del(e|a)"", ""split_tags"": [""Gen"", ""v"", """", ""Dim""], ""split_forms"": [""l"", ""iwaaGa"", ""te"", ""na""]}]"	conflicting_split_form_sequences_for_form	"[""l|iwaaGadi|tena"", ""l|iwaaGa|te|na""]"	liwaGatena
"[{""source_id"": ""van-data"", ""source_file"": ""data/van-data.json"", ""uid"": ""a85fda39-1575-4120-9432-8fb534ebdbd2"", ""text"": ""niGida liwenigi libinienigi"", ""token_tag"": ""D"", ""token_gloss"": ""este"", ""split_tags"": [""Dem"", ""Gnr"", ""Ncl""], ""split_forms"": [""niG"", ""i"", ""da""]}, {""source_id"": ""van-data"", ""source_file"": ""data/van-data.json"", ""uid"": ""a1e15803-1e5e-481f-8137-a84beac6cbcc"", ""text"": ""niGida niwenigi daGaxa me dakake loojedi"", ""token_tag"": ""D"", ""token_gloss"": ""esse"", ""split_tags"": [""Dem"", ""Gnr"", ""Ncl""], ""split_forms"": [""nG"", ""i"", ""da""]}]"	conflicting_split_form_sequences_for_form	"[""nG|i|da"", ""niG|i|da""]"	niGida
